pt,a,b,c,d,n_pt_total,ror,ror_ci_lower,ror_ci_upper,ror_signal,prr,chi2,prr_signal,ic,ic025,expected_count,bcpnn_signal,ebgm,eb05,mgps_signal,consensus_signal,four_algorithm_signal,signal_category
Stomatitis,64,352,5549,1804170,5613,59.115319713625716,45.23388871717752,77.25670120236876,True,50.17450129614484,3010.1775349078457,True,5.171297121970446,3.02864058309,1.2899634557643491,True,49.19450083631223,39.849613157797044,True,True,True,Clinical AE
Disease progression,86,330,10626,1799093,10712,44.1233332762977,34.77589151077874,55.98328194714463,True,35.208413416293844,2818.2559520225127,True,4.868153557980939,3.19720360154912,2.4618009154013376,True,34.72513446634473,28.973806520392575,True,True,True,Administrative/case-context
Prescribed underdose,9,407,2072,1807647,2081,19.29176548433305,9.951838622418936,37.397332254172184,True,18.896030173373923,134.73587680760176,True,3.279653269874193,0.27711621601652414,0.4782494123366489,True,17.820799187751376,9.856643329816979,True,True,True,Administrative/case-context
Interstitial lung disease,16,400,4750,1804969,4766,15.199738947368422,9.21436456160455,25.07303271142959,True,14.653595141700405,189.9836964603113,True,3.3705588064298864,1.0260638020562634,1.095308360978601,True,14.176382690533183,9.184225448233786,True,True,True,Clinical AE
No adverse event,42,374,19649,1790070,19691,10.230744757662757,7.4344397979058465,14.078819809116908,True,9.298794565783343,305.4981245681953,True,3.0801729508223343,1.7462938433870845,4.525328773820737,True,9.17840710874461,7.0646507816261295,True,True,True,Administrative/case-context
Dry eye,13,403,7622,1802097,7635,7.626890749189528,4.388194170795647,13.255899861314875,True,7.419800413277356,66.09748610480256,True,2.581981666750453,0.5476196577184576,1.7546536584287913,True,7.1475490928221435,4.400335241673085,True,True,True,Clinical AE
Infusion related reaction,14,402,8548,1801171,8562,7.338248509441562,4.305103780332898,12.508383986542894,True,7.12494206921997,67.92562427884071,True,2.554817415731267,0.6076093531270461,1.9676941222615993,True,6.882031120636986,4.3177531420826645,True,True,True,Clinical AE
Off label use,66,350,124227,1685492,124293,2.558506880836809,1.9666584794929765,3.3284668017076915,True,2.311243769934815,51.291939337897624,True,1.1940883862511276,0.5653270448135501,28.5646584370779,True,2.294723444950888,1.864970534366241,False,True,False,Administrative/case-context
